1,input,2022-01-01 00:00:00
2,input,2022-01-04 20:20:00
3,input,2022-09-11 04:40:00
4,input,2022-03-05 11:00:00
5,input,2022-07-29 10:00:00
6,input,2022-10-14 14:00:00
7,input,2022-05-21 23:00:00
8,input,2022-01-31 11:00:00
9,input,2022-12-15 09:00:00
10,input,2022-01-01 00:00:00
11,input,2023-01-35 05:00:00
12,input,2022-11-01 00:00:00
13,input,2022-01-01 09:00:00
14,input,2022-06-01 00:00:00
15,input,2022-04-01 07:00:00
16,input,2022-01-01 00:00:00
17,input,2023-04-04 20:20:00
18,input,2022-09-11 04:40:00
19,input,2022-03-05 11:00:00
20,input,2022-07-29 10:00:00
21,output,2022-10-14 14:00:00
22,output,2023-10-01 00:00:00
23,output,2022-01-31 11:00:00
24,output,2022-12-15 09:00:00
25,output,2022-01-01 00:00:00
26,output,2023-01-35 05:00:00
27,output,2024-11-01 00:00:00
28,output,2022-01-01 09:00:00
29,output,2023-06-01 00:00:00
30,output,2022-04-01 07:00:00
31,output,2022-01-01 00:00:00
32,output,2023-04-04 20:20:00
33,output,2022-09-11 04:40:00
34,output,2022-03-05 11:00:00
35,output,2022-07-29 10:00:00
36,output,2022-10-14 14:00:00
37,output,2023-10-01 00:00:00
38,output,2022-01-31 11:00:00
39,output,2022-12-15 09:00:00
40,output,2022-01-01 00:00:00
41,input,2023-01-35 05:00:00
42,input,2024-11-01 00:00:00
43,input,2022-01-01 09:00:00
44,input,2023-06-01 00:00:00
45,input,2022-04-01 07:00:00
46,input,2022-01-01 00:00:00
47,input,2023-04-04 20:20:00
48,input,2022-09-11 04:40:00
49,input,2022-03-05 11:00:00
50,input,2022-07-29 10:00:00
51,input,2022-10-14 14:00:00
52,input,2023-10-01 00:00:00
53,input,2022-01-31 11:00:00
54,input,2022-12-15 09:00:00
55,input,2022-01-01 00:00:00
56,input,2023-01-35 05:00:00
57,input,2024-11-01 00:00:00
58,input,2022-01-01 09:00:00
59,input,2023-06-01 00:00:00
60,input,2022-04-01 07:00:00
61,output,2022-01-01 00:00:00
62,output,2023-04-04 20:20:00
63,output,2022-09-11 04:40:00
64,output,2022-03-05 11:00:00
65,output,2022-07-29 10:00:00
66,output,2022-10-14 14:00:00
67,output,2023-10-01 00:00:00
68,output,2022-01-31 11:00:00
69,output,2022-12-15 09:00:00
70,output,2022-01-01 00:00:00
71,output,2023-01-35 05:00:00
72,output,2024-11-01 00:00:00
73,output,2022-01-01 09:00:00
74,output,2023-06-01 00:00:00
75,output,2022-04-01 07:00:00
76,output,2022-01-01 00:00:00
77,output,2023-04-04 20:20:00
78,output,2022-09-11 04:40:00
79,output,2022-03-05 11:00:00
80,output,2022-07-29 10:00:00
81,input,2022-10-14 14:00:00
82,input,2023-10-01 00:00:00
83,input,2022-01-31 11:00:00
84,input,2022-12-15 09:00:00
85,input,2022-01-01 00:00:00
86,input,2023-01-35 05:00:00
87,input,2024-11-01 00:00:00
88,input,2022-01-01 09:00:00
89,input,2023-06-01 00:00:00
90,input,2022-04-01 07:00:00
91,input,2022-01-01 00:00:00
92,input,2023-04-04 20:20:00
93,input,2022-09-11 04:40:00
94,input,2022-03-05 11:00:00
95,input,2022-07-29 10:00:00
96,input,2022-10-14 14:00:00
97,input,2023-10-01 00:00:00
98,input,2022-01-31 11:00:00
99,input,2022-12-15 09:00:00
100,output,2022-01-01 00:00:00
101,output,2023-01-35 05:00:00
102,output,2024-11-01 00:00:00
